user_uuid,first_name,birthday,city,country,is_new_user
27859,Élodie Le Roux,1968-03-10,Berger-les-Bains,Émirats arabes unis,True
31111,Margot Deschamps,1983-09-25,Clément-sur-Mer,Géorgie,False
25356,Bernard Lopes,1991-09-07,Danielboeuf,Trinité et Tobago,True
34248,Dominique Vaillant de Delannoy,1986-12-02,Saint Dominique,Slovaquie,True
25123,Pierre Paul,1938-12-13,Sainte AdrienneBourg,Israël,False
31494,Xavier du Étienne,1993-11-28,Gay-sur-Dubois,Guinée,True
33036,Gilbert Delahaye,1967-04-20,Chauvet,Zimbabwe,False
32164,Corinne Hoarau,1984-04-03,Clément-sur-Guibert,Bahamas,False
32440,Benjamin Barthelemy du Gilles,1998-10-25,Bègue-sur-Loiseau,Zimbabwe,True
29711,Adrien Raynaud,1968-07-19,Gimenez,Slovénie,True
27298,Dorothée Vidal-Gay,1965-03-26,Lopezdan,Suisse,True
27273,Emmanuel Loiseau,1938-12-21,GonzalezBourg,Samoa,True
27047,Julien Le De Oliveira,2001-11-12,Bertin,Libye,False
28931,Inès Delannoy,1956-08-28,Fernandesdan,Jordanie,True
32382,Benoît Becker,1978-12-07,Becker,Slovénie,True
28161,Martine Munoz,1984-09-29,Martins,Roumanie,False
28260,Jean-Richard Louis,1953-08-03,Gaudin,Israël,True
28324,Josette Le Rocher,1932-10-04,Seguin-sur-Raymond,Canada,True
29547,Agnès Merle-Garnier,1934-12-07,Sainte Jérôme-la-Forêt,Qatar,False
24835,Martin Le Rolland,1981-05-16,Collin,Namibie,False
31633,Hortense Pineau,1974-03-25,Vidal-sur-Laroche,Estonie,True
30440,Denise Deschamps,1944-05-15,Michel-sur-Mer,Guinée-Bissau,True
34197,Corinne Voisin,1936-11-21,Bailly-sur-Pinto,Nouvelle-Zélande,False
33688,Anne-Chantal Maréchal,1997-01-15,Sainte Élodie,Sri Lanka,True
26285,Lucas Lacroix,1982-11-23,GuillouVille,Autriche,True
28977,Timothée Masson,1983-09-20,Vincentnec,Tokelau,True
27416,Alice Garcia,1944-03-27,Weiss-les-Bains,Guyane,False
34390,Grégoire Letellier,1964-02-11,Huet,Cocos (Îles),True
28239,Étienne Carpentier de la Mace,1977-03-08,Hubert,Bhoutan,True
31496,Claude Blin du Buisson,1990-05-16,Sauvage,Sainte Lucie,False
29647,Adèle Aubert,1971-05-31,Thierry-sur-Labbé,Gibraltar,False
29702,Hélène Lelièvre de Martinez,1941-05-27,Saint Jacqueline-la-Forêt,Bolivie,True
24858,Timothée Antoine,1960-05-05,BazinBourg,Slovaquie,False
33284,Arnaude Maurice-Allain,1968-02-21,BaudryVille,Bouvet (Îles),False
24984,Noël Michaud,1932-08-25,Merle,Zaïre,False
31140,Margaud Le Roux,1961-08-22,Rémyboeuf,Canada,True
33882,Geneviève du Simon,1994-10-05,Saint Monique,Malte,True
33915,Claudine Lacroix,1995-03-02,Sainte Jeanneboeuf,Maldives (Îles),False
33037,Pierre Guilbert,1962-07-11,Bruneau,Japon,False
32267,Thibaut Renard,1995-01-16,Sainte Charlotte,Guadeloupe,False
30850,Julie Brun,1937-06-27,Lambert,Sierra Leone,False
32045,Louise Pineau,1970-10-10,Ruiz,Zimbabwe,False
34056,Aimée François,1974-06-30,Paris,Dominique,False
30422,Bernard-Jules Picard,1933-05-07,Sainte Théophile,États-Unis,False
25180,Marianne Diaz de Sanchez,1978-09-05,Muller,Moldavie,False
28890,Constance-Françoise Alexandre,2001-10-25,Saint Michelle-la-Forêt,Turquie,False
31520,Margaret Barre,1932-03-01,Nicolas-sur-Mer,Vierges (Îles),True
29917,Alain-Louis Fernandez,1977-11-28,Pelletier,Kirghizistan,True
30910,Nath Vallée,1936-11-09,Laroche,Gibraltar,True
33232,Christine Boulanger,2000-10-10,Carlier-sur-Faure,Cameroun,True
34154,Franck Hebert,1942-01-20,Sainte Pierre-la-Forêt,Macédoine,False
25022,Margot Le Roux,1964-07-30,Saint Michelle,Bouvet (Îles),False
25317,André Gérard,1978-07-17,Sainte Marguerite,Pakistan,True
26605,Christelle Morvan,1956-05-23,Sainte Emmanueldan,Mali,True
29219,Marthe Delahaye,1979-05-27,Chauveauboeuf,Zambie,True
33181,Virginie Lesage,1951-01-28,Bouvier,Niue,True
33882,Juliette Raymond,1983-06-07,Saint Margot,Équateur,True
33504,Aimé Marchand du Chevallier,1939-06-22,Sainte Jérôme,Sainte Lucie,True
26626,Matthieu Lefèvre,1937-06-11,Rouxboeuf,Slovénie,False
34414,Robert Renaud,1983-07-02,BrunelBourg,São Tomé et Príncipe (Rép.),True
24764,Michelle Hervé-Olivier,1972-03-24,Pascal,Cameroun,True
28209,Manon Hoareau,1944-05-02,Gilbertdan,Nouvelle-Zélande,False
24620,Inès Morin-Vallet,1948-03-06,Martydan,Samoa,False
30404,Michel Perrin du Faure,1995-10-30,Marion,Nauru,False
31722,Gérard Lebreton,1976-10-24,Allard-sur-Ollivier,Seychelles,False
26184,Margot de la Nicolas,1954-02-28,Menard,Bolivie,False
34020,Marcel Le Lagarde,1998-06-28,Ponsdan,Zimbabwe,True
33165,Margaux Le Gall,1960-10-01,Bouchet-la-Forêt,Oman,True
26847,Andrée Morin de Reynaud,1991-02-16,Berger,Belize,True
32972,Bertrand Martin,1951-04-07,Leconte,Thailande,False
27110,Xavier Bodin,1933-03-18,Fernandez,Sierra Leone,True
25095,Astrid-Édith Godard,1995-01-27,Jourdan,Qatar,True
31693,Adèle Millet,1944-10-02,Couturier-la-Forêt,Christmas (Île),True
25768,Daniel Weiss,1952-02-26,Garnier-sur-Girard,Cook (Îles),False
30678,Nathalie-Alix Didier,1982-07-08,Lenoir-les-Bains,Mexique,False
25241,Eugène Masson du Pineau,1964-08-19,Regnier,Chili,True
27783,Marthe Hubert,1963-04-20,RiouVille,Thailande,True
24720,Christelle Ramos,1956-02-14,Saint Margot-sur-Mer,Polynésie française,False
32495,Alphonse Barbe,1989-01-23,Saint Élisenec,Uruguay,True
32455,Luce Morel-Legrand,1934-03-22,Saint Alexboeuf,Ouganda,True
28667,Daniel Turpin,1972-11-28,Perrot,Nicaragua,False
33154,Georges Baron,1963-08-28,Sainte Charlottenec,Espagne,True
24958,Henri Jean,1987-06-15,Lebrunboeuf,Malte,False
33178,Alexandrie du Turpin,1978-11-07,Reynaud,Swaziland,False
29439,Nathalie Leduc,1962-11-22,Sainte Emmanuel,Guyane française,False
31753,Édith Grenier,1935-12-23,Boulangerboeuf,Maurice,False
31325,Victoire Traore,1949-11-13,Chauveaunec,Tuvalu,False
34201,Christophe-Eugène Pierre,1957-04-19,Garnier,Zambie,True
27659,Charlotte Rodrigues,1945-11-04,Rouxboeuf,Royaume-Uni,True
26854,Zacharie Laporte,1977-08-09,Allard-sur-Dumont,Nepal,False
28837,Étienne Ollivier,1998-02-01,Blanchet,République tchèque,True
25233,Mathilde Fournier,1940-10-08,Martineaunec,Burkina Faso,True
34338,Hugues Pruvost,1933-10-06,Sainte René,Samoa,False
33179,Pierre Thomas,1997-04-08,BuissonVille,Grenade,False
30055,Margot Maury de la Bonnin,1956-05-28,Allard,Autriche,False
33226,Paulette Gros,1994-09-01,LemoineVille,Vierges (Îles),True
27897,Gilles-Bernard Dupuy,1945-08-02,Bourdondan,Portugal,False
34025,Léon Normand,1946-02-09,Reynaud,République centrafricaine,True
27393,Juliette Weber,1932-08-24,Lelièvre,Kiribati,True
30223,Zoé Tanguy,1985-03-21,Sainte Hortense,Sahara Occidental,True
30180,Émile Vallet,1983-01-07,Sainte Marguerite,Pérou,True
30273,Bernadette du Rocher,1974-08-22,Legrand,Brunei,False
32774,Simone-Camille Fleury,1942-08-16,Robert-sur-Martel,Svalbard et Jan Mayen (Îles),False
33316,Adrien Ferrand,1938-09-12,Gallet-sur-De Sousa,Algérie,True
27708,Thierry Guyon,1983-06-29,De Oliveira,Fidji (République des),False
34191,Geneviève Laroche,1961-02-22,Chauvet,Antilles néerlandaises,True
28564,Olivie Lopez,1985-03-02,Mercier,Benin,True
27517,Honoré Bailly,1944-12-13,Sainte Nathboeuf,Pitcairn (Îles),False
30376,Adèle Pasquier,1966-04-22,Saint CarolineBourg,Aruba,False
25799,Cécile Devaux Le Bigot,2001-09-08,GrenierVille,Bhoutan,True
24971,Danielle-Simone Boulanger,1991-01-03,Mallet,Nouvelle-Zélande,False
29697,Emmanuelle Neveu,1954-11-19,Michaudnec,Inde,False
28638,Alexandrie Leblanc,1998-05-01,Guérin,Mozambique,False
27195,Alphonse Guérin,1973-02-06,Huet,Anguilla,False
26076,Alexandrie Robert,1958-03-10,RegnierBourg,Tonga,False
26330,Émilie-Isabelle Perrier,1943-11-20,Courtois-les-Bains,Irlande,False
34234,Hugues Reynaud-Guillet,1978-01-11,BlinBourg,Guatemala,False
33051,Rémy Foucher,1979-03-01,Sainte Marine,Ouganda,False
32122,Laetitia Sanchez,1996-08-06,Fernandeznec,Guinée-Bissau,False
27865,Monique Georges,1940-07-28,Saint Antoine,Togo,False
33901,Marc Perrier-Maurice,1972-06-27,Regnierdan,Cayman (Îles),True
33296,Laurence Le Wagner,1978-08-03,Gosselin,Jamaïque,False
27410,Raymond Reynaud,1937-09-01,Bruneau-la-Forêt,Tonga,False
33374,Yves Salmon,1955-12-07,Saint Véronique,Chypre,False
27106,Benjamin Alexandre,1947-03-28,Blin-sur-Fabre,Hong Kong,False
26039,Théophile Bonneau du Poulain,1932-03-31,Fournier,Sahara Occidental,True
26134,François Perrot,1934-02-16,Saint Marthenec,Arabie saoudite,True
28506,Margaud Grenier,1987-03-20,Mallet-sur-Deschamps,Bouvet (Îles),True
27499,Adrien Reynaud,1972-04-18,Saint Marcel,Vierges (Îles),True
27431,Alfred Peltier,1943-08-29,Adam,Nauru,False
32271,Colette Michaud-Pascal,1990-12-15,Chauveau,Chili,False
28313,Louis Philippe,1938-01-04,Petitjean,Zambie,True
33388,Bertrand Marion,1990-04-10,Berthelot,Irak,False
30249,Honoré Robert,1950-07-04,Sainte Benoît,Singapour,True
27938,Jean Barbe,1974-11-03,Chauvin,Tchad,True
32910,Véronique Michel Le Barbier,1940-09-06,Lopez-la-Forêt,Aruba,False
26619,Marie-Margaux Marion,1984-08-25,Saint Renée,Fidji (République des),True
27146,Patricia de la Devaux,1954-02-19,Martinez,Portugal,False
32261,Audrey Gros,1978-07-22,Saint ThéodoreVille,Ouzbékistan,True
25687,Nathalie Riou,1949-11-12,Maillet-sur-Thomas,Inde,True
32905,Lucas-Benjamin Marques,1950-05-18,Jacquesboeuf,Luxembourg,True
25158,Auguste Hoarau de la Chauveau,1942-02-01,Sainte Mathilde-la-Forêt,Sahara Occidental,False
27475,Manon Lenoir,1934-03-21,Devaux,Irlande,True
31986,Anne Louis de la Bourgeois,1967-05-15,Toussaint,Macédoine,True
27534,Madeleine-Nath Léger,1997-10-08,Pierre,Belgique,True
32369,Océane Lopez,1992-04-05,Saint Bernadette,France,True
26964,Sophie Denis-Guérin,1941-12-01,Antoine-sur-Evrard,Pitcairn (Îles),False
25974,François Hoareau,1955-12-28,Delahaye,Tonga,False
34138,Laurent-Gilbert Evrard,2000-06-16,Saint Thierry-sur-Mer,Thailande,True
30011,Hugues Colin de la Lefèvre,1961-01-05,Mullerboeuf,Réunion (La),False
25215,Paul-Pierre Germain,1972-04-26,Descamps-sur-Bodin,Qatar,False
32049,Suzanne Ferrand,1962-02-26,GuérinBourg,Marshall (Îles),False
31566,Vincent Guichard,1969-08-02,Faivre,Cayman (Îles),True
28573,Michèle Philippe-Thierry,1970-02-09,Martins-sur-Mer,Bosnie-Herzégovine,False
26653,Marguerite Lemaître,2001-06-07,Bigot,Tokelau,False
33058,Stéphane Allain,1978-08-28,Hamel,Zaïre,True
26011,Dorothée Vallée de la Chrétien,1995-05-13,Cousin,Heard et McDonald (Îles),True
24914,Claude Georges,2000-12-12,Richard-les-Bains,Indonésie,False
27715,Guy Brunel,1942-02-17,Maréchal,Singapour,True
25532,Stéphanie Arnaud,1934-06-27,Fleury-sur-Cordier,Sahara Occidental,False
28376,René Duhamel,1970-12-03,Gérard,Tadjikistan,True
27337,Alexandre Collin,1962-06-06,MarchalVille,Rép. Dém. du Congo,True
30958,Aimée Nguyen du Hebert,1994-12-30,Fischer-les-Bains,Cayman (Îles),True
29447,Manon Ferreira,1954-06-29,Alves-sur-Bonneau,Honduras,True
32770,Dominique Launay,2001-12-11,Rey-sur-Antoine,Macédoine,True
29360,Émile Devaux Le Maréchal,1933-07-19,Dubois,Gabon,True
31480,Rémy Jacob,1975-05-13,Morvandan,Antigua et Barbuda,True
34505,David Blanchet,1949-07-16,Bouchet,Bangladesh,False
31001,Alphonse de Barbier,1933-06-17,Saint ThéophileVille,République Dominicaine,True
29842,Adrien Guérin-Leroy,1979-11-06,Thibault-les-Bains,Gambie,True
29515,Zacharie Roy,1938-10-13,Saint Adèle,Philippines,False
31606,Clémence Rey,1989-01-18,Thomas,Wallis et Futuna (Îles),True
30550,Agathe de la Morin,1959-04-03,Sainte Astrid-sur-Mer,Iran,True
32906,François Le Goff,1995-03-05,Poirier,Ouzbékistan,True
27430,Suzanne Klein,1935-02-27,Lemonnier-sur-Foucher,Thailande,False
24761,Hélène Lemonnier,1934-10-22,Grenier,Mariannes du Nord (Îles),False
31600,Joseph Maury,1996-11-28,Bousquet-sur-Voisin,Yougoslavie,True
31273,Michelle Boucher,2001-07-15,PottierBourg,Polynésie française,True
31343,Guy Duhamel,1977-02-22,RoyerBourg,Falkland (Île),True
32607,René David,1992-01-22,Payet,Finlande,True
29871,Arthur Bonnin,1994-08-21,Sainte Christophe,Togo,False
31182,Honoré David-Barbe,1952-10-22,Petitjean,Cambodge,False
29000,René Martin,1958-02-26,Humbert,Turquie,False
31915,Anaïs Alexandre,1979-10-13,Turpin-sur-Maréchal,Oman,False
25874,Henriette de Millet,1942-12-17,Sainte Emmanuel,République Dominicaine,False
25881,Christiane Lemoine,1966-01-31,Maréchalnec,Costa Rica,False
34161,Marcel Bonnin,1974-10-26,Martinnec,Sainte Lucie,False
27642,Édouard Delorme,1979-07-15,Fischer,Argentine,False
33407,Margaux Thierry,1983-09-06,Saint ThomasBourg,Antigua et Barbuda,True
32237,Paul Le Goff-Guichard,1959-11-17,Lemaître,Yemen,True
31800,Odette de Bousquet,1935-02-23,Saint Hortensedan,République tchèque,True
33529,David Boulanger,1952-02-04,Mathieu-sur-Pereira,El Salvador,False
32374,Aimée-Michelle Aubry,1995-04-12,Paulboeuf,Réunion (La),False
34181,Jérôme Letellier,1991-06-17,Marty,Lettonie,True
27426,Christiane-Hortense Richard,1950-06-27,Benoit-les-Bains,Guinée Equatoriale,False
25302,Mathilde Allard-Vallet,1944-09-06,Julien,Grèce,False
29965,Marie Perrot,1936-01-31,Saint Christiane,Falkland (Île),True
33294,Susan-Margot Chevallier,1988-12-04,Fournier,Cap Vert,False
27268,Michelle Thierry,1982-11-14,Raynaud-les-Bains,Italie,True
31175,Clémence-Lucie Verdier,1989-09-18,Hoareaudan,Portugal,False
29118,Patrick Descamps-Jourdan,1990-09-25,Ruiz,Islande,False
33994,Rémy Dumas,1976-12-02,Texier,Niger,True
33769,Jérôme Peltier de la Barre,1947-02-23,Lucas-les-Bains,Madagascar,True
29833,Alain Richard,1995-09-07,Baudry-la-Forêt,Cuba,True
29299,Adrien Guillaume,1992-12-04,BlanchardVille,Turquie,True
28965,Guy Lemaître-Louis,1937-12-01,Renaud,Réunion (La),False
27137,Manon Roussel-Louis,1939-05-13,Legrand-sur-Courtois,Ghana,False
32770,Henri Munoz,1979-08-30,Fernandes,Espagne,True
29625,François Gomes,1989-12-17,Saint DavidVille,Indonésie,True
28676,Jeannine de Breton,1975-11-01,FaivreVille,Danemark,True
30905,André Brun,1938-01-30,Maillot,Maldives (Îles),True
27760,Daniel Foucher,2001-04-07,MaréchalBourg,Yemen,True
31264,Bertrand-Matthieu Moreno,1949-08-18,Imbert-sur-Colas,Argentine,True
26227,Renée Meyer,1989-08-04,Clerc,Togo,True
25424,Emmanuel-Xavier Texier,1968-06-06,Bonnin,France,False
25294,Julien Moulin-Auger,1959-03-21,Saint ÉdouardBourg,Suriname,False
30230,Céline Thibault,1935-12-12,Dumont,Russie,True
28351,Astrid Lopes,1958-04-19,Saint Jean,Papouasie-Nouvelle-Guinée,False
25318,Zacharie Millet,1933-05-16,Antoine,Namibie,False
31575,Catherine Bouchet,1979-07-24,Hoarau,Turquie,True
29147,Inès Lesage,1992-05-19,Girard-sur-Mer,Cuba,False
26162,Corinne Le Roux,1975-09-24,Hervé,Vierges (Îles),False
27460,Lucas Paris-Raynaud,1996-04-07,Lucas-sur-Mer,Émirats arabes unis,False
33472,Léon Gaudin,1955-11-11,Hernandezboeuf,Vatican (Etat du),True
33718,Jules Gaillard,1951-06-26,Sainte AlexBourg,Guam,True
31228,Anne Le Andre,1997-11-30,Fernandes-sur-Tessier,Mongolie,False
31637,Christiane Jacquet,1949-01-15,Boyer-la-Forêt,Samoa,True
28632,Jérôme Le Bigot,1944-02-27,Sainte Madeleine,Brunei,False
33270,Sophie de Camus,1936-04-16,Sainte Jeandan,Nigeria,True
33470,Alexandrie Perrot,1987-02-09,Pinto-les-Bains,Érythrée,True
32086,Claude Charles-Charles,2001-01-01,Parent,Yemen,True
24735,Simone Chauvet,1989-11-29,MunozBourg,Angola,False
34539,Gilbert-Gabriel Bazin,1987-03-19,Fabre,Mali,False
30541,Philippine Ferrand,1977-11-04,Sainte HuguesBourg,Indonésie,False
29910,Henri Vallée,1979-08-21,Saint AnaïsBourg,Saint Pierre et Miquelon,False
26074,Manon Lacroix Le Louis,1968-10-14,Reynaud,Sri Lanka,False
25071,Alexandre Peltier,1964-08-16,Techer,Arménie,True
27190,Alex Perrier-Delahaye,1955-10-01,Renardnec,Sainte Hélène,False
25627,Jérôme Fournier,1934-09-09,Marie,Syrie,True
33835,Célina Mathieu,1997-07-19,Deschampsdan,Jamaïque,False
25084,Roland-Victor Courtois,1986-09-13,CohenVille,Botswana,True
32380,Tristan Normand-Blanc,1995-10-23,Pires,Autriche,True
28315,Chantal-Christelle Thibault,1952-07-06,Lucas-sur-Buisson,Azerbaïdjan,True
27267,Laure Bailly,1976-11-12,Guyot,Bahamas,False
26268,Margaret Cousin,1982-10-07,Roux,Lithuanie,False
26978,Michel-Michel Dubois,1967-09-12,Dufour-les-Bains,Territoires français du sud,True
33094,Pauline Lebrun,1947-05-24,Marchand-sur-Bouvet,Swaziland,False
29429,Christelle-Pénélope Moulin,1971-12-02,PicardBourg,Corée du Nord,False
30184,Henriette Nicolas Le Guyot,2000-08-29,CohenVille,Algérie,True
29045,Charles Dupuis,1961-09-24,Lebonboeuf,Israël,True
32353,Sylvie du Berthelot,1949-06-21,Maheboeuf,Égypte,True
32339,Laurence Le Gall,1957-04-30,Thibault-les-Bains,El Salvador,False
32996,Alex-Alexandrie Marty,1942-06-04,Lenoir,Marshall (Îles),True
27662,Élodie Valette,1976-04-09,Mary-sur-Mer,Vanuatu,False
29273,Robert Brun,1978-08-26,Ledoux,Jamaïque,True
28856,Isabelle Dias-Blot,1990-01-17,Adam,Zambie,True
30140,Jeanne Raymond,1936-02-02,Delattre-sur-Guichard,Kirghizistan,True
25340,Matthieu Albert de Lefèvre,1956-03-27,Massedan,Guyane,True
34403,Thierry de la Roussel,1995-08-13,Legros,Irak,True
26395,Xavier Vincent,1957-04-21,Regnier-sur-Fabre,Trinité et Tobago,False
29043,Frédéric Ribeiro-Roux,1936-08-12,Thibault,Territoires français du sud,True
31218,Astrid Gauthier,2000-02-29,Sainte Marine-les-Bains,Svalbard et Jan Mayen (Îles),False
30402,Bernadette Dijoux-Seguin,1991-03-02,Adam-sur-Delattre,Fidji (République des),False
30072,Catherine Diaz,1957-07-17,Saint SébastienVille,Porto Rico,True
30799,Céline-Frédérique Turpin,1950-12-12,Sainte Bernadette,Malaisie,True
28669,Stéphane Lebon,1944-10-11,Petit-sur-Turpin,Montserrat,True
27532,Marie Labbé,1976-05-04,Benard,Vietnam,False
27625,Éléonore Pasquier,1932-06-17,Martinez-sur-Michel,Mongolie,False
27593,Agnès Lefèvre,1961-06-16,Gosselin,Macau,True
32374,Maurice Fournier,1976-06-08,Valette,Vietnam,False
32093,Aurore Marchand,1981-05-06,LaurentVille,Angola,False
31833,Nathalie Gallet,1941-03-27,Girardnec,Sénégal,False
31934,Roland Aubry-Delorme,1982-03-28,Bouvet,Samoa,True
30439,Lucie Guérin,1999-02-19,Lecomte-sur-Leroux,Irlande,False
24627,Alexandrie Samson de la Poulain,1958-06-21,Sainte Monique,Belgique,True
28043,Jacqueline Renaud,1956-06-02,Pereira-sur-Neveu,Bahrain,True
34396,Olivie Moreau,1941-08-29,Chevalier-sur-Mer,Lesotho,True
32147,Diane Marie,1985-11-23,Sainte Dominique-les-Bains,Slovénie,False
24535,Monique-Marcelle Legros,1937-05-24,Dumontnec,Cayman (Îles),True
27320,Marianne de la Le Goff,1941-06-20,Samson,Malaisie,False
28907,Alphonse Robert,1973-12-18,Humbert,Taiwan,True
32535,Josette Brun,1964-08-30,Hamon,Brésil,True
29250,Louis de la Mendès,1997-05-22,Bernard,Hongrie,False
30408,Corinne Weiss,1952-06-05,Pereira-sur-Raymond,Hong Kong,False
24683,Alix-Claudine Guillon,1971-12-27,Marchand-sur-Olivier,Bahrain,False
30858,Emmanuel Lejeune,1993-01-17,Saint Oliviernec,Argentine,False
30489,Colette Guyot de Weiss,1941-02-17,Arnaud,Vatican (Etat du),False
33024,Emmanuelle Bazin,1992-06-26,Chrétien,Guyane française,True
25145,Gilles Perret,1945-01-11,Sainte Arnaudenec,Ouganda,True
26497,René Pinto,1948-08-16,Lambert,Qatar,False
33774,Théophile-Patrick Legros,1954-02-25,Saint Nathalie,Yougoslavie,True
28927,Adrienne du Berthelot,2001-06-25,Laine,Guinée,False
29913,Marie Durand-Dumont,1939-08-14,Vasseur-les-Bains,Slovénie,True
30849,Virginie Le Salmon,2000-08-05,Gosselinboeuf,Botswana,True
24520,Susanne Georges,1979-07-18,Bourgeois,Maldives (Îles),True
33884,Lucie Le Gilbert,1934-05-06,Roche-la-Forêt,Bangladesh,True
27084,Bernard Faivre,1961-10-24,Bodin,Papouasie-Nouvelle-Guinée,True
30431,Marcelle Samson-Brun,1971-07-14,Sainte Honoré,Marshall (Îles),False
29882,Simone Gonzalez,1977-11-16,Dupré,Kazakhstan,True
32727,Guillaume Weber-Vincent,1978-02-20,Guyot,Saint-Kitts et Nevis,False
28085,Astrid Dumont de Guichard,1999-04-28,Legendre-la-Forêt,Macédoine,False
34344,Sabine Morel,1982-06-06,Rousseau,Fidji (République des),False
24840,Stéphane Le Goff,1977-03-30,Sainte Jean,France,False
32141,Henri Joly,1970-05-29,Bodin,Roumanie,True
25383,Christelle Lévêque,1967-11-09,Weiss,Libéria,False
26255,Alfred Delorme,1944-01-24,Saint Margaret,Wallis et Futuna (Îles),True
24815,Denise Clément,1936-12-11,Jean-sur-Mer,Saint Vincent et les Grenadines,True
29702,Roland Lejeune,1997-09-15,Godarddan,Pologne,False
34564,Chantal Brunel,1941-09-01,Fleury-sur-Devaux,Saint-Kitts et Nevis,True
28147,Alain Laporte,1975-03-29,Delaunaydan,Portugal,True
31184,Éléonore Hubert,1947-03-26,Colas-sur-Mer,Jordanie,False
30864,Roger Gaudin,1976-09-07,Ferrand,Jamaïque,True
33179,Chantal Pires,1967-09-01,Didier,Pakistan,False
27697,Christophe Adam,1998-05-22,Boulangerboeuf,Zimbabwe,False
30975,Hortense Guilbert de la Grondin,1960-06-27,Bretondan,Tokelau,True
26005,Nathalie Richard du Berthelot,1996-06-01,Martineauboeuf,Benin,False
31752,Édouard du Dumas,1989-03-10,Lacroix,Mauritanie,False
30723,Stéphane Normand de la Guérin,1990-06-13,PottierVille,Hong Kong,False
30645,Chantal Gros,2001-06-05,Riou,Kazakhstan,True
34511,Sébastien de la Baron,1980-06-05,Barbier-sur-Mer,Saint-Kitts et Nevis,True
24531,Éléonore Tanguy,1994-06-28,Martineau,Mayotte,True
34496,Frédéric Baron-Devaux,1962-03-08,Marion,Norvège,True
28992,Élisabeth Morel,1937-06-20,Gilles,Iran,False
25069,Thierry François,1963-11-14,Roussetdan,Aruba,False
33526,Alexandria Bonnin,1996-03-25,Hernandez-sur-Mer,Palau,False
30874,Caroline-Marianne Buisson,1992-12-20,Leleuboeuf,Rwanda,False
33620,Thérèse de Blanchard,1951-03-02,Carlier,Ouganda,True
24766,Sophie du Toussaint,1945-02-07,Labbé,Vatican (Etat du),False
33098,Zoé Sauvage,1991-12-19,Delattre,Cameroun,False
33694,Frédéric Legros,1958-09-27,Jean-sur-Michaud,Timor,False
30740,Laetitia Le Goff,1983-05-08,Denis,Sierra Leone,False
30169,Théodore Texier,1952-03-30,Foucher,Vanuatu,False
26475,Gérard Boutin,1946-10-06,Boucher,Israël,False
25971,Rémy Renaud,1994-12-16,JourdanVille,Émirats arabes unis,True
34383,Benjamin Blondel,1978-04-15,Fournier,Slovaquie,True
27816,Stéphane Fleury,1995-10-02,Normand,Norfolk (Îles),True
26635,Noël-Gérard Morel,1979-03-25,Perrot,Madagascar,True
30544,Michel Le Bernier,1965-05-27,Étienne,Kazakhstan,True
30853,Paul de la Roy,1997-10-21,Fernandes,Jamaïque,True
28733,Julien Verdier,1935-11-30,Lemoine,Corée du Nord,True
26929,Zacharie Godard,1936-08-07,Chauvet-les-Bains,Algérie,True
30359,Bernard Jourdan,1992-09-07,Hardynec,Fidji (République des),False
34279,Raymond Baron,1977-04-15,Sainte SophieVille,Sri Lanka,False
32564,Jacques Pages,1996-05-06,Maurice,Cap Vert,False
27838,Diane Chrétien,1936-04-02,GuillotBourg,Inde,False
31871,Margot Ollivier,1932-07-29,TessierVille,Tanzanie,False
27313,Élodie Rémy,1989-02-01,Meunier,Belgique,True
33689,Geneviève de la Grondin,1963-11-10,Saint Astrid,Martinique,False
25663,Henriette Gilles,1997-08-03,Gilles,République tchèque,True
33964,Maurice Giraud-Michaud,1996-09-15,Blanchard-sur-Sauvage,Pays-Bas,False
25594,Isabelle Marie,1940-11-18,Bonnin,Finlande,True
33441,Henriette de la Cohen,1938-04-20,Vasseur,Zimbabwe,False
27910,Gabrielle Breton,1979-11-13,FernandezBourg,Niue,False
29261,Guillaume Antoine,2000-09-16,Joubert,Haïti,True
30866,René de la Gilles,1965-10-22,François-sur-Mer,Malaisie,False
31037,Émile Delannoy,1949-02-16,Duhamel-sur-Huet,Moldavie,True
27948,Jeannine Langlois,1935-06-05,Georges,Cocos (Îles),True
25344,Jacqueline Marie,1932-07-07,Bernard,Niue,True
31323,Marguerite Vidal,1990-07-28,Sainte Brigitte,Venezuela,True
33226,Claire Loiseau-Valette,1958-09-20,Dupuy,Mexique,True
28317,Jean Perrot,1933-03-21,Étienne,Moldavie,True
32281,Valentine de la Lacroix,1992-10-31,Lemoine-sur-Laine,Danemark,False
25127,Benoît Lelièvre,1973-01-09,Vincentboeuf,Côte d'Ivoire,True
30539,Nathalie Thomas,1972-05-06,Guilbert-sur-Bonnin,Suisse,False
26763,Valérie Hamel,1940-01-01,Pierre,Kiribati,False
26704,Sabine Carlier Le Buisson,1932-08-07,Rodriguez,Bangladesh,False
31461,Pierre Marie,1978-06-14,Prévost-sur-Didier,Papouasie-Nouvelle-Guinée,True
33507,Julien Petit,1938-05-16,Marchal,Géorgie,False
34200,Laure Dumas-Couturier,1985-07-17,Guérin,Sainte Hélène,True
32480,Philippe-Vincent Dufour,1992-10-16,Coste-la-Forêt,Anguilla,False
30765,Adélaïde Rivière,1947-11-25,Duhamel,Samoa,False
28718,Noël-Antoine Diallo,1971-10-13,Guibert-la-Forêt,Chypre,False
24780,Georges Fabre-Pons,1939-05-09,Guyon-sur-Boulay,Taiwan,True
32511,Pénélope Vallée,1965-06-10,Saint Claudinenec,Vanuatu,True
34067,Jacques Hamon,1956-02-08,Techer,Croatie,True
32354,Pénélope Blin,1958-12-18,Lebrun,Iran,False
33118,Arnaude Collet,2001-01-16,Lebreton-sur-Sanchez,Kirghizistan,False
32918,Louise Paris-Boulanger,1978-09-09,Legros-les-Bains,Arabie saoudite,True
33071,Guy-René Leclerc,1976-07-04,Saint Timothéedan,Turkménistan,False
30290,Élisabeth Leclercq-Pichon,1990-12-06,Dos Santos-la-Forêt,Brésil,True
28274,Éléonore-Denise Lelièvre,1958-10-10,PascalBourg,Jordanie,False
33553,Hugues Bouvier,1953-10-03,Potiernec,Cap Vert,False
31456,Daniel-Eugène Roger,1984-06-01,Jacques,Turks et Caïques (Îles),True
29386,Gilles-Jacques Poulain,1968-06-24,Le Gall,Haïti,False
25393,Nathalie Collin,1932-05-22,Cohen,Égypte,False
31020,Noël Perrot de Gomez,1958-05-31,Galletnec,Azerbaïdjan,False
32214,Benjamin Guibert,1951-02-18,Tessier,Arabie saoudite,True
29384,Nath Blin,1945-08-22,Dupuy,Zambie,True
28551,Odette Marie,1982-06-07,Leduc,Tanzanie,True
27134,Denise Meyer,1963-06-10,Saint Antoine,Angola,True
24526,Anastasie Thierry,1984-11-11,Maillot-sur-Perrot,Cuba,True
30551,Valérie Pierre,1932-01-12,Lefebvre,Madagascar,False
34154,Bernard Joubert,1933-04-21,Colinboeuf,Liechtenstein,False
25092,Matthieu Baudry,1993-04-06,Dumas,Samoa,False
30931,Robert de la Petitjean,1945-10-25,Pineau,Suède,False
25818,Étienne-Théophile Guillot,1967-11-01,Sainte Anne-la-Forêt,Mali,False
28672,Auguste Da Silva de Pons,1967-01-18,Renault-sur-Schneider,Togo,False
26230,Émile Le Morel,1992-04-02,Sainte Stéphanie,Saint-Kitts et Nevis,False
27227,Georges-Emmanuel De Oliveira,1987-08-24,Pichon-sur-Maury,Indonésie,False
30011,Maggie Menard du Blanchard,1961-01-27,Delaunay-sur-Aubert,Singapour,True
30102,Zoé Schneider,1984-08-21,Lebrun,Namibie,False
29001,Arthur Descamps,1954-05-11,Sainte Isabellenec,Saint-Marin (Rép. de),False
24672,Manon Delannoy,1976-02-21,Vaillant,Andorre,True
32787,Michel du Legendre,1990-02-21,Fernandez,Ukraine,False
30254,Théodore Pinto,1947-03-17,Muller,Turquie,True
26211,Corinne Bodin de Wagner,1939-11-21,Sainte Luce,Paraguay,True
31029,Andrée Gaudin,1986-10-28,Torres-la-Forêt,Slovénie,False
32995,William Mary,1935-10-06,Saint Camillenec,Groenland,False
32103,Joseph Le Langlois,1961-10-10,Coulon-sur-Mer,République centrafricaine,False
30313,Olivier Brunel,1952-10-15,Sauvage-sur-Mer,Liechtenstein,False
26895,Geneviève Faure de la Besson,1970-08-15,Durand,Italie,False
26074,Manon Lopes,1991-01-22,Traore-sur-Lombard,Roumanie,True
32402,Jérôme Barre,1942-10-26,Saint Nathalieboeuf,Cuba,False
33424,François Bazin,1993-12-19,Deschamps,Russie,False
31932,Daniel Lévêque,1974-06-28,Fleury-les-Bains,Liban,True
29515,Margot Leroux,1936-10-14,Sainte Antoinedan,Luxembourg,False
24775,Robert Leleu,1988-04-29,Gomes-les-Bains,Turks et Caïques (Îles),False
34316,Michel Petitjean,1949-02-11,Jourdan,Pologne,False
26085,Diane de Fleury,1944-07-31,Lemaître,Irlande,True
24885,Rémy du Bazin,1935-01-20,Vallet-sur-Vaillant,Monaco,False
26465,Timothée Léger du Duval,1985-06-13,LaurentBourg,Irlande,False
28956,Constance Humbert,1993-01-29,Saint Rémyboeuf,Gambie,False
32452,Thibaut Bruneau,1996-01-07,Guillou-sur-Pinto,Palau,False
25980,Benjamin Peron,1961-08-01,Gérard,Libye,True
26471,Grégoire Godard,2000-01-04,Chauvin,Canada,True
29887,Marthe Bouvier,1932-11-17,RogerBourg,Cambodge,True
34065,Marine Vaillant-Turpin,1985-09-09,Marchandboeuf,Antarctique,True
25847,Yves Auger,1960-11-22,Fournierdan,Montserrat,False
30170,Honoré Gosselin,1962-09-15,WeissBourg,Ghana,False
28654,Laetitia Guillaume de la Blanchard,1955-12-25,VaillantBourg,Micronésie (États fédérés de),False
30525,Thierry Robin,1992-01-19,GilletBourg,Guinée-Bissau,True
32879,Guillaume Giraud de la Marin,1964-08-25,Saint Édith,Zaïre,False
25666,Céline Le Gall de la Maurice,1939-07-10,Foucher,Aruba,False
24855,Audrey Perrin,1963-07-09,Sainte Victoire-sur-Mer,Laos,False
27371,Valentine-Andrée De Oliveira,1966-11-10,Lefèvreboeuf,Libéria,True
27665,Adélaïde Bouchet,1958-08-11,Texierboeuf,Madagascar,False
32309,Bertrand Guyot,1956-11-29,Sainte Andrée,Bosnie-Herzégovine,False
27479,Maurice Gomes,1989-06-27,LeclercVille,Pitcairn (Îles),False
24656,Alexandria Dubois,1938-10-31,Navarroboeuf,Macédoine,False
31719,Victor Gomez,1950-12-08,GuyotBourg,Mayotte,True
28974,Michel Seguin,1990-04-03,Giraud,Kazakhstan,True
34362,Xavier Lebreton,1986-12-08,Martel,Sahara Occidental,False
32050,Sabine Launay,1962-09-01,Vincent,Lithuanie,False
29126,Eugène Georges,1950-08-28,Lebrunnec,Luxembourg,False
26507,Adrien Giraud du Louis,1996-06-14,Roger-sur-Leblanc,Kiribati,True
31691,Bernadette-Odette Perez,1936-01-29,Marty-sur-Jacques,Vanuatu,False
25391,Charles de Ledoux,1990-05-05,Gros,Brésil,False
25047,Gilles Maillard du Mahe,1965-12-30,Sainte MichelleBourg,Singapour,False
26858,Jérôme Guillon,2001-01-18,Buisson,Turkménistan,True
29705,Yves Duval,1936-12-27,Bonneau,Géorgie,True
28692,Dominique-Édith Colas,1933-11-22,Raymondboeuf,Panama,True
34127,Thomas Tessier,1989-02-08,Mallet,Syrie,True
24529,Alain Adam,1983-11-16,Martins-la-Forêt,Vierges (Îles),False
32256,Élise Joly,1952-04-11,Brunel,Cuba,True
26834,Christophe Le Leclerc,1999-12-06,Marchal,Ouganda,False
29278,Alix Costa-Devaux,1937-09-20,Lacombe,Pologne,False
32655,Pauline Morvan,1974-02-13,Peron,Jamaïque,True
26523,Agathe Reynaud,1981-09-02,De Oliveira,Géorgie du Sud et Sandwich du Sud (Îles),True
31729,Marcel Le Lebreton,1989-02-15,Parent,Allemagne,True
27611,Benjamin Léger,1950-12-20,Julien,Guyane,True
32035,Dominique Muller-Alexandre,1935-10-01,Garnier-sur-Ruiz,Djibouti,False
27161,Thérèse Tanguy-Valette,1934-02-04,Mace-sur-Mer,Comores,False
25640,Louis-Grégoire Chauvin,1943-09-06,Breton,Mali,False
25880,Audrey Bigot de la Faivre,1933-04-16,Renault,Ouzbékistan,True
32149,Laure-Constance Maillot,1971-01-07,Michel,Allemagne,False
33603,Audrey-Lucy Hamel,1942-03-19,Richard-sur-Léger,El Salvador,True
28682,Sophie Ruiz,1971-08-18,Nguyen,Liban,False
27105,Diane Daniel,1977-03-25,Saint Pierrenec,Rwanda,True
25047,Éléonore Collin-Aubert,1957-04-20,Evrard,Pakistan,False
33862,Martin Payet-Lopez,1984-01-10,Boulanger,Bosnie-Herzégovine,False
34287,Jules Alves,1986-08-15,Weber,Mongolie,False
24834,Luce Payet-Ferrand,1973-02-17,Blanchet,Mariannes du Nord (Îles),True
24736,Adélaïde Labbé,1944-01-26,Pereira,Cambodge,False
29452,Frédéric Deschamps,1967-06-08,Saint Dominique-sur-Mer,Roumanie,True
31941,Caroline Gimenez,1974-01-08,MauriceBourg,Maurice,False
27532,Maurice Petit,1999-09-11,Cordier-sur-Clerc,Ouzbékistan,False
31872,Roland Couturier,1933-11-19,Saint Anne,Macédoine,True
28448,Audrey Gaudin,1980-10-28,Lefebvre-sur-Arnaud,Antarctique,True
26743,Frédéric Hervé,1983-09-16,RousselBourg,Corée du Sud,False
33891,Bernard Jacques,1952-11-24,Schmitt,Saint Pierre et Miquelon,False
32911,Jeanne Philippe-Étienne,1932-12-13,Marques-les-Bains,Costa Rica,True
27473,Élise-Suzanne Bonneau,1987-07-19,Gilles,Cocos (Îles),True
25148,Maggie Carlier,1957-11-02,Fontaine,Suisse,False
34537,Zacharie Julien Le Verdier,1933-11-02,Bonneau,Qatar,False
28382,Alexandre-Laurent Rodriguez,1969-01-27,Lefèvrenec,Groenland,True
33606,Claude Gallet,2001-01-25,CoulonVille,Iran,False
27066,Gabrielle Descamps,1946-07-17,Millet-sur-Mer,Israël,False
33782,Laure Arnaud,1985-12-15,Leroux,Chili,False
31168,Monique Chartier du Teixeira,1963-10-12,DijouxVille,Nauru,True
24640,Marthe Klein,1960-07-14,Salmon,Pitcairn (Îles),True
31119,Lorraine Coulon,1986-05-01,HardyBourg,Inde,False
34509,Marthe Bouvet,1994-11-20,Poulain-sur-Da Costa,Antarctique,True
34323,Gabrielle de la Pires,1944-01-31,DevauxBourg,Vatican (Etat du),False
25688,Sophie-Louise Alves,1986-06-19,Fouquet,Canada,False
26827,Martin Rodrigues,1998-12-11,Sainte Isaac-les-Bains,Niue,False
32424,Olivier Marchal,1991-07-09,Leroux,Cayman (Îles),True
29224,Christophe Roux,1975-01-01,Sainte Henriette,Groenland,True
27569,Julien Colin,1979-08-19,Coulon,Burundi,False
34448,Raymond Maurice,1957-09-26,Huet-sur-Mer,Liechtenstein,False
31659,René Pages de la Bourdon,1956-12-21,Mary-la-Forêt,Géorgie du Sud et Sandwich du Sud (Îles),True
31499,Inès Guilbert,1939-09-12,SanchezVille,Turquie,False
32054,Stéphane Legrand de Cousin,1960-09-07,Lerouxnec,Ukraine,True
30019,Grégoire du Verdier,1977-01-19,Hubert-sur-Lamy,Sainte Hélène,False
32297,Théodore Costa-Lebrun,1943-03-05,DiazVille,Sri Lanka,False
34468,Élise-Gabrielle Merle,1947-05-18,Sainte Astrid-la-Forêt,Timor,False
26868,Élodie Lesage,1981-06-23,Henry-sur-Raymond,Bangladesh,True
26339,Roland Le Gall,1939-11-19,Saint Thomasdan,Honduras,True
33975,Jeanne Rémy,1937-08-15,Pages-sur-Mer,Corée du Nord,False
30101,Nath Leclerc,1979-06-09,Sainte Alfreddan,Tchad,False
25828,Corinne Grenier,1974-05-29,Saint Lucydan,Gibraltar,False
26558,Pierre Bruneau,1979-09-20,DumasBourg,Marshall (Îles),True
32392,Colette Georges,1981-11-24,Sainte Anaïs,Tuvalu,True
33488,Pierre Bouchet-Maillet,1980-06-26,LebrunBourg,Féroé (Îles),True
28929,Christelle Paris de la Hervé,1989-09-28,ChauvetVille,Papouasie-Nouvelle-Guinée,True
32874,Édouard Robin,1937-03-22,Simon-sur-Traore,Turks et Caïques (Îles),False
25707,Isaac-Jules Arnaud,1999-06-17,Martins,Côte d'Ivoire,True
33339,Roland-Christophe Maurice,1943-09-16,Jacques-sur-Riou,Vierges (Îles),False
25626,Grégoire Lemoine,1980-12-12,Sainte Marcel-la-Forêt,Rép. Dém. du Congo,False
32218,Claudine Rousseau de Legros,1948-02-04,Laroche,Aruba,True
30093,Cécile Besson de la Léger,1937-05-04,Vasseur,Albanie,False
33220,Margaux Ferreira-Maréchal,1983-07-20,Salmon-sur-Da Costa,Arménie,True
24509,Thomas Guillaume,1939-05-17,Saint Madeleine,Angola,False
26329,Dominique du Boyer,1976-03-01,Lelièvre,Turquie,False
28695,Thierry Faure,1991-10-06,Lemaître,Polynésie française,False
32428,Joséphine Roger-Bouvet,1963-10-01,Sainte Josette-les-Bains,Turks et Caïques (Îles),True
26621,Nicolas-Matthieu Gomez,1988-12-12,Roux,Somalie,False
29877,Augustin-Émile Durand,1964-07-08,Dupré,Vatican (Etat du),False
25617,David Benard,1995-10-19,Sainte ÉmileVille,Dominique,True
30888,Aimé du Guilbert,1965-03-16,Saint Pauline,Kirghizistan,True
29510,Thomas Maillard Le Gomez,1975-05-31,Lemoine,Malaisie,True
33536,William Lefèvre Le Monnier,1974-02-05,Parent,Bangladesh,False
34217,Alain Barthelemy,1992-06-13,Perez-sur-Evrard,Égypte,False
31082,Constance Techer,1961-03-20,Saint Jacqueline-les-Bains,Roumanie,True
27583,Alexandre Bonnet,1967-11-07,Marques-sur-Leclerc,Pays-Bas,False
32980,Roland Lebon,1962-02-08,Fontaine,Maroc,False
33480,William Leconte,1970-04-13,Saint Daniel-la-Forêt,Territoire britannique de l'océan Indien,True
26834,Claude Jacob-Bernard,1983-01-07,FernandesVille,Suisse,False
27938,Alice de la Becker,1953-06-03,Renault,Kazakhstan,False
33440,Marie Perrin,1945-09-21,Coulon,Martinique,False
26520,Georges-William Rodrigues,1977-01-10,Lemonnier,Inde,True
34307,Christine Gaillard,1933-06-14,Leclercq-sur-Morel,Costa Rica,True
31097,Andrée Vasseur de Da Costa,1987-12-22,Sainte Jérôme,Haïti,True
28049,Eugène Lefebvre,1999-01-02,Saint Olivier-la-Forêt,Maurice,False
31140,Christine Colin du Lagarde,1959-12-16,Grégoire,République tchèque,True
25563,Alain Paul,1988-10-23,Diaz,Tuvalu,False
29054,Emmanuelle Marques,1951-08-08,Saint Gérard-les-Bains,Antarctique,False
30663,Jacqueline Gomez,1972-08-03,Saint Gilbert,Yemen,True
32110,Laurent Lemaire,1968-08-11,Pages-sur-Martins,Îles Mineures Éloignées des États-Unis,True
28004,Étienne Pons,1971-08-13,Bourgeois,Gabon,True
32675,André Baudry,1960-05-24,Sainte Marthe,Madagascar,True
30544,Marcelle Laurent Le Charrier,1993-07-19,JolyVille,Yougoslavie,True
29770,Audrey Hamon-Fleury,1988-03-11,Da Costa,Sierra Leone,False
33221,Laurent Ollivier,1967-01-29,Berger-la-Forêt,Brésil,True
34343,Raymond Gros-Pineau,1988-02-20,Joseph,Islande,False
31226,François Allard,1940-02-26,Guilletboeuf,Christmas (Île),False
30732,Vincent-Gilbert Guérin,1965-08-12,Saint Céciledan,Yemen,False
30823,Luc-Léon Pasquier,1952-04-07,Richard,Hongrie,True
33002,Alice Guilbert,1975-12-26,Camus-les-Bains,Gibraltar,True
29294,Alain Étienne-Gomes,1988-07-24,Rollandboeuf,Maroc,False
24520,Aimé Moreau Le Colin,1944-01-16,Thomas,Guam,True
28214,Alice Riou,1990-05-04,Saint ColetteVille,Vanuatu,True
24507,Olivier Dupont,1994-05-10,Saint MatthieuVille,Ukraine,True
28043,Geneviève Texier,1939-02-08,Benard-sur-Mer,Sénégal,False
33270,Sylvie Chevalier,1935-10-02,Sainte Jérôme,Dominique,False
28789,Thomas Deschamps,1970-07-22,Weiss,Slovaquie,True
29307,Véronique Payet,1991-11-02,Pauldan,Islande,False
30948,Anaïs Carre,1965-08-24,Buisson,Irlande,True
26255,Françoise Valette,1993-01-05,Costaboeuf,Mariannes du Nord (Îles),False
26942,Caroline Gomez,1932-01-31,JacobBourg,Panama,False
24684,Raymond Evrard-Bernard,1953-06-01,Mathieu,Norvège,True
33001,Marc-Éric Leroux,1964-01-06,Sainte Léonboeuf,Angola,False
28291,Franck Becker,1939-05-28,Saint Théophile,République centrafricaine,True
24817,Marie-Capucine Perret,1982-09-04,Nguyen,Albanie,False
25809,Sébastien Courtois,1987-06-25,Pierre,Corée du Nord,False
30732,Matthieu de Ramos,1972-03-03,Schneider,Botswana,True
34535,Nicole Ferrand,1959-08-25,Saint Franck,Uruguay,True
33795,Marie Blanchet-Gaillard,1973-05-10,Jacob-les-Bains,Burkina Faso,False
25292,Philippe du Guichard,1961-05-23,ReyBourg,Tuvalu,True
25177,Jules Dijoux,1935-08-31,Blondel-les-Bains,Bangladesh,False
30071,Gérard Martins,1993-09-25,Samson-la-Forêt,Falkland (Île),False
28476,Zacharie Lemonnier,1938-02-11,Saint Sophie-la-Forêt,Pays-Bas,True
26461,Anastasie Masse,1955-04-21,Germain,Niue,False
29022,Andrée-Astrid Leclercq,1947-11-17,Faure,Nicaragua,True
26388,Noémi Raymond,1962-02-07,Alexandre-la-Forêt,Togo,False
26678,Laurence Alves-Leblanc,1979-11-07,Sainte Agnès,Territoires français du sud,True
26718,Patrick Bègue-Marchal,1944-08-10,Sainte AlexandreBourg,Bahamas,True
33190,Xavier Lopes,1962-06-10,GuyonBourg,Pitcairn (Îles),False
27343,Éléonore Teixeira,1970-12-01,Delaunay-sur-Maury,Jamaïque,True
32985,Gérard du Chartier,1992-09-23,Potier-sur-Mer,Yemen,True
29073,Nath Caron,1972-09-25,Jacob,Finlande,False
25213,Renée Ribeiro,1959-04-10,Martel,Bermudes (Les),True
29275,Édith Guichard,1971-10-18,Guyon,Afrique du sud,True
27139,Émile Marion,1977-12-04,Marques-les-Bains,Royaume-Uni,False
34141,Louis Royer,1985-02-21,HernandezBourg,Cuba,False
24685,Alfred Ruiz,1960-12-18,Chauvet-sur-Seguin,Aruba,True
25655,Danielle Blanc,1935-12-03,Renard,Grenade,True
32395,Patricia Le Becker,1967-04-20,Bourdon-sur-Normand,Cap Vert,True
25527,Olivier Guichard,1944-11-17,Dijoux,Nicaragua,True
30174,Daniel Maurice-Collet,1983-12-22,Gaudin-la-Forêt,Turks et Caïques (Îles),True
30380,Adrien Moreau,1952-02-03,Petitjean,Libéria,True
32795,André François,1945-07-25,Laportedan,Iran,False
27498,Aimé Leclerc,2001-10-02,Allain-sur-Charpentier,Sainte Hélène,False
24804,Adrienne Lejeune,1976-09-13,Perret,Croatie,False
34139,Luc Rousset,1946-08-26,Verdier,Samoa,True
34110,Thibaut Perez,1942-11-02,Samson,Tadjikistan,False
30155,Gilles Riou,1945-06-11,Ramos,Kirghizistan,False
26751,Thibaut Perez,1998-02-07,Julien,Afrique du sud,True
32026,Clémence Rey,1989-08-21,Brunelnec,Albanie,True
34486,Pierre Denis,1941-08-18,Rey,Philippines,True
27447,Jean Weber,1948-08-06,Marchal,Anguilla,False
27277,Denise Lejeune,1951-09-10,PotierBourg,Mauritanie,False
34093,Marine Hubert,1969-02-06,Marion,Bosnie-Herzégovine,False
32929,Adrien Gillet,1939-06-08,Turpin-les-Bains,Namibie,True
29512,Aimé Caron,1943-02-13,Grégoire,Botswana,True
25462,Franck Ruiz,1984-08-04,Albert-sur-Gaudin,Danemark,True
26917,Patrick Clément,2000-02-24,Marion,Dominique,False
25485,Susan Lamy,1960-08-06,Saint Jacques,Namibie,True
32130,Zacharie Chrétien,1985-09-30,NormandBourg,Monaco,True
27225,Roland Chartier-Lefort,1950-09-13,Bouvet,Ukraine,True
28367,Alain Colas,1938-01-12,GuichardVille,Samoa,True
31359,Colette Alexandre,1972-10-02,Goncalvesboeuf,Sri Lanka,False
31828,Paul Renard-Martinez,1959-05-04,Sainte Joséphine-les-Bains,Haïti,False
26609,Monique Lecoq,1973-05-06,Sainte Jean-la-Forêt,Bangladesh,False
32293,Adélaïde Joseph,1938-10-13,Legendre,Macau,True
32361,Pénélope Munoz,1936-08-14,Bourdon-la-Forêt,Saint Pierre et Miquelon,False
32355,Patrick Texier,1950-06-07,Klein-la-Forêt,Thailande,False
31242,Emmanuel Foucher-Deschamps,1977-06-23,Gaydan,Burkina Faso,True
30831,Pénélope Chartier,1938-07-12,Blondel,Afghanistan,False
28057,Laurent Sauvage,1959-09-20,Techer-sur-Gilbert,Anguilla,False
27666,Yves Leroux,1946-04-05,BousquetVille,Irak,False
32703,Thibaut Lopes,1960-07-13,Saint Laurence,Cook (Îles),False
33999,Yves Delattre de Lemaire,1973-04-29,Saint Louis,Géorgie,True
31628,Roger-Théophile Pascal,1997-10-20,Louis,Saint Pierre et Miquelon,False
31851,Arnaude Joly,1983-06-26,Lebondan,Afghanistan,True
31117,Aurore-Agathe Rodriguez,1950-11-27,Perret,Égypte,True
26761,Alphonse Bouvet,1943-12-26,Rey,Croatie,False
31102,Olivie Marchand,1984-11-24,Daniel,Saint Vincent et les Grenadines,False
28628,Nathalie Paul,1957-05-04,Garnier-sur-Barbier,Allemagne,False
32118,Isaac Robert,1965-06-30,Colin-sur-Leroux,La Barbad,False
32809,Nathalie Turpin-Seguin,1934-10-31,Collin,Samoa,True
26641,Anaïs Hebert,1946-02-16,Sainte Anne,Iran,True
27469,Stéphane Goncalves,1934-06-19,Aubert,Guinée Equatoriale,False
29909,Joseph Buisson,1986-07-02,Valette,Corée du Sud,False
27020,Jacqueline de la Regnier,1973-11-13,Gilles,Îles Mineures Éloignées des États-Unis,False
26281,Thierry Lacombe Le Simon,2000-06-03,Garcia,Vierges britanniques (Îles),True
25271,Laurent-Gilbert Dijoux,1973-06-14,VerdierVille,Géorgie du Sud et Sandwich du Sud (Îles),False
26053,Bernard Le Mace,1948-02-22,Denis-sur-Sanchez,Mongolie,True
30226,Jérôme Chauvin,1970-03-28,Devaux,Samoa,False
27064,Margaud Reynaud,1966-08-06,Rodriguesdan,Turkménistan,True
33778,Noël Fournier-Lévêque,1946-11-23,Renard,République tchèque,False
26707,Rémy Pasquier,1935-08-24,BoyerBourg,Costa Rica,True
33179,Gilbert Hernandez,1957-03-07,Saint François,Pérou,False
25233,Dorothée Blanchard,1940-06-13,Sainte Théodoredan,Émirats arabes unis,False
29260,Aurore Pineau du Samson,1964-07-19,Alves,Uruguay,True
27764,Gérard Pascal,1958-04-13,Saint Auguste,Pologne,True
30010,Nathalie Garnier-Alexandre,1955-07-29,Delahayenec,Saint Vincent et les Grenadines,False
33607,Alfred Le Berger,1998-09-29,Neveuboeuf,Équateur,True
27718,Maryse Lemonnier-Charles,1999-08-24,Martinezdan,Niue,False
31162,Claude Guyon du Paul,1939-10-18,Georges-sur-Gomez,La Barbad,True
33589,Léon du Baudry,1951-07-18,Pascal-les-Bains,Biélorussie,False
34499,Christelle Rodrigues,1945-04-14,Meyer-sur-Mer,Corée du Nord,False
27717,Aurore Maréchal,1960-04-12,Guérinnec,Russie,False
27490,Nathalie Guilbert,1958-11-05,Valette,Irlande,True
30711,Jules Robert,1962-07-25,Guyon,Porto Rico,False
29127,Zoé Martins,1998-09-12,FournierVille,Turquie,True
31060,Gilles Guilbert du Peron,1984-11-12,Collet-sur-Legrand,Papouasie-Nouvelle-Guinée,False
26210,Véronique Gonzalez de Perret,1993-10-22,Bertin,Malaisie,False
29234,Louis Hamel du Bouvier,1967-03-05,Mathieudan,Kirghizistan,True
24886,Aurore de la Carre,1948-03-23,Vallet,République Dominicaine,False
30911,Stéphane Lecoq de Maillot,1981-03-26,BarbeVille,Martinique,True
34161,Gérard Barthelemy,1993-05-22,Martel,Cocos (Îles),True
32996,Xavier Raymond,1966-10-17,Saint William-la-Forêt,Singapour,False
27086,Christiane Poirier de Da Silva,1952-04-30,Robert,Iran,False
28385,Maggie Raynaud,1964-08-24,Hamon,Suriname,True
26740,Jeannine Lombard,1962-05-29,Dupontdan,Indonésie,True
33652,Christiane Evrard,1989-07-30,Saint Étiennenec,Libéria,False
31234,Théodore-Olivier De Oliveira,1963-04-02,Blot,Botswana,True
29082,Valérie Lemonnier du Gaillard,1987-11-29,Laurent,Irak,False
34502,Thibaut-Gérard Pottier,2002-01-01,Vaillant,Cook (Îles),False
27992,Olivier-David Jacquot,1991-01-16,Meyer,Érythrée,False
26180,Astrid Barthelemy,1964-11-29,Dumont-sur-Tanguy,Heard et McDonald (Îles),False
25952,Renée Mathieu,1974-06-07,Antoineboeuf,Territoires français du sud,False
29234,Virginie Charles-Clerc,1958-08-06,Lévêque-la-Forêt,Heard et McDonald (Îles),False
29493,Isaac Martins de la Marion,1973-02-17,Carpentierboeuf,Venezuela,True
33188,Hugues Collet,1998-10-28,Valette,Cayman (Îles),True
32159,Victor-Christophe Gaudin,1987-02-07,Carlier,Kirghizistan,False
34083,Marthe Le Delorme,1968-08-22,Sainte Anne,Macau,True
28338,Alfred Perez,1973-09-16,Étienne-la-Forêt,Fidji (République des),True
31208,Roland Toussaint-Meyer,1996-10-10,Benardboeuf,Andorre,True
27294,Luce Gros-Grondin,1984-12-01,Saint Agathe-les-Bains,Grenade,False
29296,Nicolas-Alain Gérard,1948-03-23,Blanc,Belize,True
32671,Marie Blanc-Roger,1973-03-10,Colinboeuf,Antarctique,False
25110,Gilbert Delahaye,1990-02-20,NguyenBourg,Taiwan,True
27694,Laure Couturier,1940-06-03,Leleu,Vierges britanniques (Îles),True
28145,Denise-Audrey Couturier,1969-01-19,Lopesdan,Dominique,False
30144,Arnaude-Élise Bousquet,1941-06-22,Sainte Laurent,El Salvador,False
31622,Zoé Paul-Sanchez,1975-11-27,Millet,Biélorussie,True
27451,Alexandrie Humbert,1949-11-20,Lefort-sur-Hoareau,Vierges (Îles),False
27524,Gilles de la Maillet,1978-01-29,Guyonboeuf,Tunisie,True
25216,Josette Costa-Vincent,1965-12-04,Sainte Guydan,Territoires français du sud,True
28272,Élodie Evrard-Briand,1940-07-25,Roche-les-Bains,Malawi,False
31559,Jean Rousseau,1983-12-14,Piresdan,Territoire britannique de l'océan Indien,False
27896,Isabelle Gautier,1968-09-29,Hoarau,Trinité et Tobago,True
30903,Anne Boyer de la Labbé,1944-12-15,TeixeiraVille,Koweit,True
31702,Xavier De Oliveira,1990-05-13,Lefèvre-sur-Munoz,Bolivie,True
25191,Julien de Durand,1941-12-07,Baron-les-Bains,Kazakhstan,True
30501,Denis du Laporte,1941-11-02,Sainte Brigitte,Azerbaïdjan,False
27070,Édouard Duhamel,1971-12-21,Perrotboeuf,Cameroun,True
24632,Michèle Descamps,1973-08-15,Marques-sur-Lacroix,Gambie,True
27996,Adrien Buisson,1990-01-06,MaréchalVille,Slovaquie,False
29556,Thierry Le Fabre,1984-11-28,Albert,Monaco,False
25529,Astrid Mary,1956-04-02,Regnier,Haïti,False
29011,Claudine Gauthier,1946-06-23,Barthelemy,Tanzanie,True
25179,Arnaude Labbé,1976-05-12,MaryBourg,Saint-Kitts et Nevis,False
33350,Noël Laine,1946-07-13,Guilbert,Malawi,False
27317,Marthe-Océane Hamel,1980-10-13,Louis,Soudan,False
27690,Maggie Rolland,1946-02-10,Sainte Suzanne,Zaïre,True
29703,Adèle Lecoq,1964-11-27,Humbertdan,Venezuela,True
31146,Thibaut Paul,1988-01-17,Sainte Maggieboeuf,Gibraltar,True
24544,Thibaut Prévost,1993-03-20,Mendès,São Tomé et Príncipe (Rép.),False
26778,Victor Hoarau,1943-01-24,Rémydan,Corée du Nord,False
28415,Christine Marie-Cordier,1989-03-17,Sainte MartinVille,La Barbad,True
28430,Michelle de la Alves,1990-12-07,Delannoy,Guinée-Bissau,False
33238,Brigitte Laroche,1947-10-08,Saint Margot,Mariannes du Nord (Îles),True
29403,Christophe Aubry,1958-10-20,Gérard-la-Forêt,Nepal,False
33792,Jules Guyot,1966-01-22,Barre,Jordanie,False
30513,Sylvie Descamps,1998-04-02,Boulay-sur-Gros,Portugal,True
28013,René Launay,1932-05-03,Baron-sur-Prévost,Géorgie,False
27555,Marie Chauvet de la Rivière,1949-05-21,Marty-sur-Mer,Arabie saoudite,True
29742,Gabriel Moreno,1968-06-28,Carlier-sur-Mer,Suède,False
33233,Aimé Benard,1958-07-25,Jourdan,Lithuanie,True
32258,Antoine Le Laine,1997-01-30,Neveu,Luxembourg,False
27338,Étienne Dumas,1975-10-14,Lefebvre,Équateur,True
26044,Emmanuelle Barbier,1973-10-24,BourgeoisBourg,Allemagne,False
29238,Charlotte Caron,1991-03-05,Lemaître,Géorgie,False
30564,Juliette Petitjean,1971-09-18,Sainte Bernadette,Sahara Occidental,True
28621,Zoé Gallet,1971-03-02,Denis,Turquie,True
30772,Élisabeth Lacroix,1952-04-28,Faivre,Kirghizistan,True
30374,Émile Girard,1974-08-07,Georges-la-Forêt,Antigua et Barbuda,False
27741,Nathalie-Manon Fleury,1966-11-15,Valette,Norfolk (Îles),True
27713,Maurice Godard,1935-02-14,Hamon,Fidji (République des),False
25064,Manon-Paulette Gaillard,1984-04-10,Baillyboeuf,Haïti,True
34523,Arnaude Le Peron,1968-11-15,Faivre,Thailande,False
26405,Simone Bonnet,1953-03-24,Marion,Djibouti,True
33061,Émilie Pineau,1962-04-01,Sainte Cécile-sur-Mer,Ukraine,True
27658,Hélène-Anne Lesage,1983-07-24,Duhamelnec,Espagne,True
25201,Hortense Grégoire,1948-07-17,Jacquesdan,Soudan,False
26640,Simone Meyer-Gauthier,1963-09-27,BouchetBourg,Royaume-Uni,True
27584,Édith Lopes-Masson,1945-10-09,Daviddan,Ouzbékistan,True
27893,Thomas Jacob,1977-05-01,Pottier-la-Forêt,Guinée,False
28775,Adèle-Henriette Maillard,1999-08-15,Ferrandboeuf,Bahamas,True
31219,Émile Bouvet-Julien,1985-11-18,Neveu,Saint Vincent et les Grenadines,True
31724,Mathilde Barbier du Jacquot,1981-05-13,Barbier,Syrie,False
33619,Xavier Aubry du Guyot,1959-10-04,Sainte Timothée,Trinité et Tobago,True
30743,Éléonore Hoarau-Boulay,1956-02-19,Perez,Polynésie française,False
25350,Alix Ramos,1950-05-10,Garnier,Équateur,False
32798,Luc Bernard,1936-08-06,Saint Suzanne,Uruguay,True
30905,Marcelle Hernandez-Lebon,1933-10-26,Samson,Colombie,False
29247,Claire Diallo,1941-06-10,Saint Lucyboeuf,Wallis et Futuna (Îles),True
34038,Claire Delannoy,1987-09-01,Sainte Émilie,Nigeria,True
31313,Denise Le Brunel,1952-01-05,Saint Théophile,Tchad,True
31574,Margot Pascal-Besson,1972-04-03,Pichon-la-Forêt,Heard et McDonald (Îles),True
24660,Thibaut de la Ferrand,1946-11-28,PerezBourg,Tanzanie,False
28880,Jeannine Lacroix,1999-04-30,Becker,Lithuanie,True
27879,Margaret Bonnin,1994-11-13,Leleu,Nouvelle-Zélande,False
33441,Thérèse Fernandez,1942-03-25,Cohen-sur-Chevallier,Gambie,False
29057,Antoine-Théophile Leroy,1970-05-01,Sainte Charlotte,Sri Lanka,False
30232,Louis du Olivier,1998-10-05,Gautier,Qatar,False
31555,Jules Dijoux,1998-09-08,Diallo,Chili,False
32265,Audrey Hoareau du Menard,1962-11-28,Guérin,Togo,True
34091,Denis Raymond,1959-09-26,Didier-les-Bains,Gambie,False
29554,Nathalie Barbier-Fournier,1957-01-20,Fontaineboeuf,Marshall (Îles),True
31894,Margot Briand,1980-09-19,Benoit-sur-Blanchard,République centrafricaine,False
32450,Alfred Perrin,2001-03-05,Guérin,République tchèque,False
26962,Guillaume Pascal-Becker,1981-08-20,Deschamps-sur-Mer,Ouganda,True
26911,Luce Raymond Le Hervé,1985-11-03,Sainte Maurice,Honduras,True
32042,Sylvie-Sabine Hamon,1949-05-03,Salmondan,Swaziland,True
31349,Émilie du Jacob,1952-06-24,Munoz,Turquie,False
28607,Capucine-Manon Schneider,1950-12-24,Hebert,Monaco,False
33391,Aimée Bonnet-Delaunay,1945-04-26,Gomesnec,Féroé (Îles),False
28128,Christiane Maury,1940-05-13,Saint Célinedan,Espagne,True
27254,Camille Jacques,1956-09-18,Chartier,Kiribati,True
27489,Gilles Guilbert,1977-07-12,Saint MichèleVille,Pérou,False
28508,Christelle Alves,1950-06-25,Galletboeuf,Panama,True
24548,André Guyon,1970-06-21,Sainte Vincent-sur-Mer,Mauritanie,True
27015,Denise Hernandez de la Buisson,1973-07-25,Perrot,Timor,True
24611,Maurice Robin,1941-11-24,Dumas,Roumanie,False
31164,Paul De Oliveira-Navarro,1945-09-21,Jourdan,Seychelles,False
32672,Bertrand Alexandre,1994-05-30,Voisinnec,Chypre,False
32811,Andrée Clément,1977-01-01,Mary,Burkina Faso,True
27218,Alain Marie,1973-03-07,Bernard-la-Forêt,Géorgie du Sud et Sandwich du Sud (Îles),True
27016,Thibault Monnier,1951-05-02,Sainte Colette-la-Forêt,Honduras,False
29025,Franck Gallet,2000-03-03,OllivierVille,Yougoslavie,True
30978,Éric Meunier,1950-07-09,Leconte-sur-Mer,Paraguay,True
30011,Christiane-Renée Joseph,1954-12-15,CharrierBourg,Saint Pierre et Miquelon,False
33130,Charles-Tristan Delaunay,1972-08-16,Brun-sur-Mer,Tuvalu,False
28805,Aimée Renaud-Leclerc,1991-02-15,Allain,Yemen,False
24963,Margaud-Louise Roy,1995-11-16,Saint Susandan,Rép. Dém. du Congo,True
29515,Louis Lemoine,1962-06-13,Leroyboeuf,Vatican (Etat du),False
25107,Geneviève Parent,1986-07-30,Sainte Alicedan,Bulgarie,False
29672,Anaïs de la Roche,1997-04-22,Dupré,Bangladesh,True
26758,Lucie Pelletier,1974-12-18,Lebon,Pérou,True
31813,Auguste Teixeira,1991-01-12,Vallée,Lesotho,True
27986,Lorraine Thibault,1986-03-25,Lamydan,Libye,True
32134,Anaïs Giraud,1945-11-11,Léger,Cameroun,False
33291,Charles Gaudin,1969-06-18,Sauvage,Vatican (Etat du),False
26477,Margaret Andre,1944-03-06,Andre,Géorgie,False
31405,Caroline Ferrand,1978-05-12,Loiseau-sur-Benoit,Mongolie,False
24988,Luce Gallet,1980-06-08,Andre,Libye,False
32944,Sophie-Charlotte Benard,1972-12-22,Rocher-sur-Bonnet,Belgique,False
33244,Xavier-Rémy Fournier,1988-04-21,Valette,Irak,False
26057,Alice Rodriguez,1941-06-22,CostaBourg,République centrafricaine,False
27567,Laurence-Émilie Grégoire,1997-06-23,Alvesdan,Tonga,False
25805,Thomas du Perrot,1989-07-23,Sainte Sébastien,Cap Vert,False
30952,Luc Dubois,1963-01-17,Bertrand,Antarctique,True
28460,Roger Huet,1953-06-11,Saint Renée,Kirghizistan,False
33125,Philippine Maury-Michaud,1994-12-16,Toussaint-sur-Delannoy,Nauru,True
28071,Olivie de Lebon,1960-08-25,Guillaume,Espagne,True
29384,Richard Le Lagarde,1993-01-16,Beckerdan,Kiribati,True
26814,Céline Martel,1995-08-27,Sainte Théodore,Royaume-Uni,False
33925,Paulette Bonnet,1972-07-26,Sainte Laurent,Niger,True
31513,Charles Benard-Besson,2001-10-29,Becker,Arménie,True
28932,Dorothée Briand-Riou,1970-09-28,Michaud,Indonésie,True
28651,David Brunet-Pruvost,1965-04-02,Garcia,Kirghizistan,False
25849,Adèle Briand de la Bazin,1979-05-12,Garciadan,Vierges (Îles),False
25397,Alfred Gallet,1972-01-15,Grégoire-sur-Ledoux,Luxembourg,False
24893,Louis Maillot,1964-06-26,Vasseur,Finlande,True
29977,Luc-Alphonse Maury,1952-11-20,Barre,Antilles néerlandaises,False
30335,Timothée de Lacombe,1942-05-08,Hoareaudan,Ghana,True
25501,Benoît du Hernandez,1973-01-24,Saint Gilbertnec,Nicaragua,True
29437,Manon Mallet,1974-06-24,Jacques-la-Forêt,Pays-Bas,True
29045,Anouk Gay-Lejeune,1938-03-16,Mary,États-Unis,False
27041,Lorraine Breton,1949-02-26,Merle-sur-Mer,Ouganda,False
28811,Margot Gros,1999-02-16,Rioudan,Canada,False
30065,Raymond Clerc,1960-05-05,Sainte Alfred,France,True
28312,Sébastien Renard,1956-08-29,De Sousa,Indonésie,False
28956,Guillaume Leleu,1968-12-28,LelièvreBourg,Liechtenstein,False
25052,Claudine-Madeleine Morel,1970-03-08,Valletdan,Cambodge,True
25276,Tristan Bourdon,1981-02-13,Marin-sur-Mathieu,Mariannes du Nord (Îles),True
27761,Christelle de Guyon,1935-06-15,Saint Gabrielle,Nigeria,False
24538,Adélaïde-Françoise Michel,1983-02-16,Grégoire-sur-David,Fidji (République des),True
31341,Théophile Schneider,1957-04-23,Grenierdan,Sri Lanka,True
31351,Valérie Gaillard-Germain,1963-10-16,Boulanger,Malaisie,False
31332,Michèle de Gonzalez,1940-06-30,Jourdan,Équateur,False
29883,Élise Martin,1953-10-19,Sainte Georgesboeuf,Andorre,False
33400,Constance Chartier,1998-04-07,Le Goff,El Salvador,True
25357,Susan Raynaud,1951-06-07,Riou-sur-Poulain,Allemagne,False
25408,Cécile Munoz,1951-09-09,Auger,Malaisie,True
27855,Capucine Gimenez Le Descamps,1956-07-04,Saint Adélaïde,Argentine,True
29319,Gérard Perrot,1991-12-18,AugerBourg,Roumanie,True
25256,Marianne de la Moreno,1947-12-11,Guillou,Heard et McDonald (Îles),True
30657,Sophie Guillaume,1993-09-28,LesageBourg,Mayotte,True
33362,Marthe Roger,1949-04-28,Sainte François,Suisse,False
28047,Christine Arnaud-Boyer,1942-05-03,Rocher-sur-Barthelemy,Pays-Bas,True
33490,Thibaut de la Boulay,1955-04-24,Lemaire-la-Forêt,Belgique,True
33579,Capucine Cousin Le Dias,1953-09-28,Fouquetboeuf,Nouvelle-Zélande,False
31784,Eugène Rocher,1984-12-13,Guillot-sur-Mer,Nouvelle Calédonie,True
26939,Thomas Nguyen,1985-07-17,BretonVille,Brunei,True
31300,Margot Rey,1954-05-29,Fleurydan,Sri Lanka,True
27540,Sabine de la Chartier,1999-12-25,Descamps-sur-Pierre,Haïti,False
24893,Juliette Poirier,1945-03-03,Saint Pénélope,Suisse,True
27535,Manon Gros du Meyer,1971-12-01,Roche,Cambodge,False
31858,Pierre Bouvier-Fernandes,1994-10-11,Gautiernec,Madagascar,True
33755,Dominique-Nathalie Masse,1992-11-06,Roussel,Guadeloupe,True
33412,Joseph Boucher,1953-04-05,Techer,Qatar,False
32485,Margot Roger-Seguin,1989-09-02,Carre-sur-Diaz,Bulgarie,True
28087,Marine Boutin,1937-08-19,Bonneau,Cocos (Îles),True
30330,Philippine Chauvet,1958-03-23,Gilbert-sur-Mer,Guinée Equatoriale,False
27863,André de Guichard,1953-06-16,Saint Émilie-la-Forêt,Indonésie,True
33929,Patrick Gérard,1982-07-15,LenoirVille,Cambodge,True
26890,Bernard Denis-Baron,1934-10-10,Alves,Guadeloupe,False
32632,Zacharie-Henri Bailly,1981-12-05,Evrard,Luxembourg,True
30103,Patricia Mathieu-Mallet,1947-11-19,Regnier,Macau,True
30077,Rémy de la Valentin,1978-01-31,Meunierdan,Guyane française,True
33661,Sophie du Dufour,1955-09-18,Sainte Adrien,Algérie,True
28118,Émile Aubert,1944-03-26,Pinto,Vierges britanniques (Îles),False
28963,Agathe Marty du Étienne,1940-04-17,FontaineBourg,Roumanie,True
32118,Claudine Costa,1956-02-10,Gauthier-les-Bains,Botswana,False
28125,Vincent Blin-Dos Santos,1969-08-02,Ramos,Émirats arabes unis,False
34234,Alexandria Huet,1967-07-28,Vallet,Belize,False
26435,François Delattre,1993-04-20,Delormeboeuf,Géorgie,True
32172,Alexandrie Humbert de Étienne,1986-11-26,Boyer,Libye,True
28780,Arthur Lombard,1950-03-17,Saint Josetteboeuf,Zimbabwe,False
24833,Christophe-Éric Maréchal,1958-06-10,Besnard,Corée du Sud,True
32775,Henri Petit,1986-08-08,Poirier-la-Forêt,Suisse,True
26680,Élise Marty,1995-07-29,Saint Pierre,Géorgie,True
28771,Margot Langlois-Perrot,2001-08-28,Joly,Slovénie,True
33935,Simone Lecoq,1969-11-27,Moulin,Norvège,False
31912,Margot-Margaud Brunet,1984-03-29,Vasseur,Tokelau,True
26679,Marguerite de la Charpentier,1947-05-06,Saint Noémi-la-Forêt,Géorgie du Sud et Sandwich du Sud (Îles),True
31562,Suzanne-Camille Fabre,1940-07-22,Fournier,Territoire britannique de l'océan Indien,True
34447,Luce Benoit,1936-09-28,Bourdon,Belize,True
25548,Denise Besson,1951-03-04,Sanchez,Suriname,True
29111,Jean Fischer,1988-07-25,Saint Cécile,Russie,False
30376,Raymond Meyer-Albert,1933-09-05,Sainte Patrick-sur-Mer,Géorgie,True
33980,Noémi Ferreira,1983-04-29,Lesage-sur-Mendès,Mexique,False
30674,Sabine Le Allard,1947-02-26,Alexandre,Honduras,False
33426,Tristan Lopez,1988-01-15,Masse,Corée du Nord,True
25378,Gérard Potier,1954-03-04,MathieuVille,Nepal,True
34228,Christophe Mahe de Pierre,1961-06-06,Le Roux,Tchad,False
26596,Anastasie Lombard,1933-05-11,Picard,Mauritanie,True
31785,Agnès-Claudine Bouvier,1951-12-29,Pascal-la-Forêt,Croatie,False
31608,Corinne Hervé de la Grondin,1969-04-02,Voisindan,Palau,True
31491,Lucas Fournier-Neveu,1984-12-05,GuichardVille,Arabie saoudite,True
27460,Valérie Bonnet,1956-07-12,LetellierVille,Venezuela,False
33286,Paulette Marchal-Legros,1943-03-16,Moreau,Hongrie,False
32080,Luce Rivière-Delorme,1981-05-20,Regnierdan,Saint-Marin (Rép. de),True
31960,Adrien Torres-Vallée,1992-10-30,Merle,Micronésie (États fédérés de),True
31240,Joseph Maurice,1993-08-11,RoyVille,Ghana,True
31978,Virginie-Véronique Tanguy,1949-07-03,Becker-sur-Weber,Guinée,False
27959,Lucas Martins,1981-07-04,Colin,Kazakhstan,False
30048,Jérôme Adam,1986-05-30,LerouxVille,Taiwan,True
33596,Alexandre Legrand,1985-01-04,Saint Anaïs-sur-Mer,Honduras,True
30886,Geneviève Duhamel,1933-10-10,MenardBourg,Maldives (Îles),False
30485,Aimée Bertrand,1942-08-04,LaineVille,Zimbabwe,True
29120,Roland Pruvost,1969-10-11,Saint René,Allemagne,False
27234,Alain Potier de Bourgeois,1986-09-30,Renault,Belize,True
32285,Christiane Allard,1984-08-16,Saint VéroniqueBourg,Inde,True
33628,Jérôme Joseph Le Maillard,1958-09-01,Raynaud-sur-Rémy,Togo,False
29998,Gérard Gimenez,1947-08-18,Grenierdan,Cook (Îles),False
33902,Rémy Dupré,1998-01-25,Pichon-les-Bains,Géorgie,False
26733,David Jacob de la David,1936-12-20,Sainte Philippedan,El Salvador,False
26809,Paul Tanguy du Goncalves,1984-07-18,Saint Thomas,São Tomé et Príncipe (Rép.),False
26624,Bernard Grondin,2000-08-15,Sainte Georgesnec,Mongolie,False
27963,Isaac Lemonnier,1964-09-04,GillesVille,Cambodge,False
26021,Alain-Gabriel Gallet,1981-11-03,Henry,Fidji (République des),True
30443,Andrée-Édith Chauveau,1995-03-11,Rivière,Oman,True
29477,Lucy Didier de la Maillot,1998-08-30,Potier,Tchad,True
26493,Madeleine Gomez,1975-05-26,Dumont,Érythrée,True
24762,Susanne Camus,1963-02-16,Blondel,Grèce,False
28145,Nicole Weber,1993-06-11,Legrand,Sainte Lucie,True
33751,Théophile Parent,1941-09-15,Saint Marianne,Saint-Marin (Rép. de),True
28382,Christophe Courtois,1968-06-25,Bouvier,République tchèque,True
33003,Raymond de la Thierry,1998-12-29,Michaud,Bouvet (Îles),True
24651,Amélie Hoarau,1984-09-05,Bernard,Seychelles,False
31665,Danielle-Alice Bodin,1965-07-19,Camusboeuf,Macédoine,True
31821,Corinne Andre-Lemaire,1936-09-01,Jacques,Côte d'Ivoire,True
27148,Alexandre Bouvet de Launay,1969-02-24,Mahe,Tadjikistan,True
26381,Madeleine Costa,1982-01-06,Verdier,Niue,False
25690,Geneviève Richard,1949-12-05,Sainte Jacquelinedan,Tonga,False
29163,Thibaut Benard du Charles,1980-02-27,Lebon,France,True
34436,Éléonore Lamy,1934-05-19,Sainte Paul-sur-Mer,Australie,False
26861,Danielle de Fernandez,1982-04-16,Masse,Timor,False
25430,Rémy Clément,1966-11-23,Turpin-les-Bains,Canada,False
28979,Christelle-Thérèse Cousin,1971-01-08,Sainte Patriciaboeuf,Pologne,True
30676,Sophie Pereira-Weber,1991-05-23,Jacob,Mariannes du Nord (Îles),False
34249,Susanne du Daniel,1948-07-26,BaronBourg,Antilles néerlandaises,True
32383,Audrey Maury,1956-07-18,Saint Céline,Uruguay,False
30142,Auguste Valette du Roux,1970-05-24,Garnier,Wallis et Futuna (Îles),False
32448,Jérôme de la Delattre,1994-10-21,Renault,Géorgie du Sud et Sandwich du Sud (Îles),True
30650,Denis-Alexandre Maury,1976-03-09,Besson,Papouasie-Nouvelle-Guinée,False
25942,Isaac Julien-Benard,1968-02-15,Fischer,Wallis et Futuna (Îles),False
31582,Lucas Alexandre,1993-09-12,ChrétienVille,Tonga,False
28141,Lucas Guyon,1965-04-11,Durand,Botswana,True
26562,Jules Le Mendès,1987-06-25,Saint Jérôme,République tchèque,True
29127,Anouk Da Costa,1981-06-18,Leblanc,Costa Rica,False
29287,Aurore-Océane Leduc,1981-08-27,Leclercq,Vierges (Îles),False
28477,Maggie-Suzanne Gimenez,1932-12-14,Bousquet,Martinique,False
33632,Denise de la Pichon,1948-06-17,Marindan,Bulgarie,False
30145,Susanne de la Perrin,1962-08-13,Thierry-la-Forêt,Biélorussie,False
31062,Lucy de Pineau,1945-07-03,Sainte Jacqueline,Guinée Equatoriale,False
33337,Édith Lopez,1988-06-17,Lerouxboeuf,Nigeria,False
33410,Mathilde Lucas-Wagner,1987-09-25,Hoareau,Gabon,True
31668,Guillaume Moreau,1951-03-26,Noël,Maroc,True
32849,Guy Le Clément,1980-10-06,RoussetVille,Corée du Sud,True
31930,Véronique Le Mercier,1945-10-31,Chevalier-sur-Legendre,Turquie,True
25298,Philippe Bazin de Sauvage,1975-12-18,Fleury,Côte d'Ivoire,True
25609,Anastasie Briand-Valentin,1971-06-25,Alves,Gibraltar,False
30220,Laure Pons,1966-05-14,Caron-sur-Dupuy,Bulgarie,False
28421,Philippine Le Lopez,1960-04-12,Durand,Anguilla,True
27536,Élodie Weber,1987-12-18,Barbe,Inde,False
26298,Alexandrie Pires,1991-08-22,Rocher,Suriname,False
31044,Marc Evrard,2000-02-07,Saint Margotdan,Soudan,False
28799,Adèle-Inès Lefèvre,1939-05-29,Roger,Chypre,True
24717,Margot de Denis,1979-11-19,Marques,Réunion (La),False
26194,Aurélie Chauvet,1933-12-24,Bouvet-les-Bains,Islande,True
26310,Grégoire de Briand,1946-01-22,Mary,Croatie,False
25588,Valentine de la Perrier,1995-12-30,Saint Marie-la-Forêt,Aruba,True
32762,Roland Leroy-Cohen,1980-03-09,CharpentierBourg,Tanzanie,False
31456,Honoré Lemonnier-Bazin,1949-05-04,Faure,Syrie,False
27028,Charlotte Ruiz,1958-04-12,Moreno,Macédoine,False
26679,Émile-Henri Benoit,1951-05-08,AndreBourg,Gambie,True
29374,Michel Rey,1963-10-08,Samson,Fidji (République des),False
31595,Anaïs Colas,1972-02-08,Dufour,Sainte Hélène,True
31094,Claire Nicolas-Henry,1975-06-06,Malletnec,Liechtenstein,True
33334,Claude De Oliveira,1978-12-12,Gimenez,Afghanistan,True
30516,Isaac Rousset-Thomas,1995-03-27,Thierry-sur-Lemonnier,Indonésie,False
30568,Timothée Caron-Gros,1963-12-23,LemoineVille,Corée du Nord,True
31121,Sylvie Gonzalez,1971-05-16,Maréchaldan,Azerbaïdjan,False
27105,Jules Bertin de la Cordier,1966-12-13,Lopes,Sénégal,True
26097,Laurence Lebreton,1966-05-02,Payet,Kenya,True
27193,Sabine Lévêque,1999-02-06,Hamon-la-Forêt,Tuvalu,True
33680,Franck Bruneau,1997-06-23,Menard-sur-De Sousa,Tanzanie,True
33289,Caroline Wagner,1993-02-07,Gilles,Nouvelle-Zélande,False
28043,Claude Thierry,1934-05-20,Rodrigues,Seychelles,True
33401,Pierre Dupuy,1964-08-04,Boulay,Géorgie du Sud et Sandwich du Sud (Îles),True
33851,Laurent Normand,1980-02-25,Hoarau,Kazakhstan,False
30741,Augustin Tessier,1940-06-27,Lacroix,Sainte Lucie,True
29599,Alfred Collin,1956-08-21,Ferrand-les-Bains,Féroé (Îles),True
25666,Colette-Maryse Paul,1961-09-25,Le Gall-les-Bains,Cook (Îles),False
